Waybill,Customer ID,Order Date,Parcel KG,Courier Charge,Sales amount,Pickup Point ID
PAR4068716939,CUS1001,2022/03/28,2,,60,pup673
PAR4068755135,NA,2022/03/16,3,,60,pup783
PAR4091138495,CUS1003,2022/03/15,1,42.16,45,pup3045
PAR4068738462,CUS1004,2022/03/10,2,217.58,259,pup2267
PAR4068700996,CUS1005,2022/03/17,3,73.83,105,pup909
PAR4091171840,CUS1006,2022/03/16,2,84.39,88,pup2101
PAR4091164988,CUS1007,2022/03/29,4,53.3,68,pup4099
PAR4068767204,CUS1008,2022/03/16,1,42.16,63,pup438
PAR4091148200,CUS1009,2022/03/10,2,84.39,120,pup2343
PAR4068768193,CUS1010,2022/03/09,1,42.16,48,pup282
PAR4091193631,CUS1011,2022/03/11,3,53.3,76,pup3736
PAR4091157182,CUS1012,2022/03/31,1,53.3,59,pup1967
PAR4091153340,CUS1013,2022/03/10,2,84.39,124,pup2288
PAR4068714413,CUS1014,2022/03/30,1,42.16,57,pup1434
PAR4091112982,CUS1015,2022/03/15,2,,60,pup2012
PAR4091186389,CUS1016,2022/03/29,1,42.16,46,pup1942
PAR4091176461,CUS1017,2022/03/17,2,53.3,78,pup563
PAR4091189751,CUS1018,2022/03/12,3,73.83,83,pup4529
PAR4091161147,CUS1019,2022/03/15,1,53.3,60,pup681
PAR4091138051,CUS1020,2022/03/14,3,84.39,117,pup3569
PAR4068749504,CUS1021,2022/03/29,2,53.3,67,pup527
PAR4091183842,CUS1022,2022/03/10,2,53.3,58,pup2716
PAR4068790320,CUS1023,2022/03/28,1,42.16,55,pup911
PAR4068712022,CUS1024,2022/03/09,1,42.16,43,pup867
PAR4068722769,CUS1025,2022/03/25,1,73.83,87,pup187
PAR4091177244,CUS1026,2022/03/22,2,53.3,69,pup1963
PAR4068737144,CUS1027,2022/03/29,1,53.3,72,pup1956
PAR4091192621,CUS1027,2022/03/24,1,53.3,69,pup521
PAR4091197964,CUS1027,2022/03/09,1,42.16,54,pup3734
PAR4091197964,CUS1027,2022/03/17,1,,60,pup1546
PAR4091127636,CUS1031,2022/03/09,1,42.16,63,pup2011
PAR4068712681,CUS1032,2022/03/23,2,,60,pup3618
PAR4068720040,CUS1033,2022/03/17,2,53.3,54,pup4140
PAR4091158392,CUS1034,2022/03/10,4,73.83,96,pup4250
PAR4091184313,CUS1035,2022/03/22,2,53.3,69,pup3762
PAR4068781994,CUS1036,2022/03/22,3,73.83,103,pup665
PAR4068740395,CUS1037,2022/03/17,6,84.39,105,pup2615
PAR4091123837,CUS1037,2022/03/28,5,84.39,96,pup2119
PAR4068762946,CUS1039,2022/03/23,2,53.3,75,pup715
PAR4091155432,CUS1040,2022/03/11,3,53.3,54,pup1458
PAR4068792651,CUS1041,2022/03/29,1,53.3,72,pup1289
PAR4091193257,CUS1042,2022/03/31,2,53.3,76,pup767
PAR4091152696,CUS1043,2022/03/29,1,42.16,54,pup2789
PAR4091144551,CUS1044,2022/03/11,3,,60,pup1494
PAR4091186726,CUS1045,2022/03/09,2,42.16,63,pup3060
PAR4068724334,CUS1046,2022/03/18,4,42.16,62,pup2333
PAR4091117306,CUS1047,2022/03/15,2,53.3,72,pup569
PAR4091151939,CUS1048,2022/03/11,1,84.39,88,pup405
PAR4091187033,CUS1049,2022/03/11,3,,60,pup521
PAR4091144909,CUS1050,2022/03/17,3,,60,pup3772
PAR4068732410,CUS1051,2022/03/17,3,,60,pup2037
PAR4068785710,CUS1052,2022/03/25,3,73.83,91,pup3693
PAR4091136792,CUS1053,2022/03/17,2,42.16,60,pup711
PAR4068766295,CUS1054,2022/03/25,1,53.3,57,pup4601
PAR4091150179,CUS1055,2022/03/15,3,,60,pup2905
PAR4091125894,CUS1056,2022/03/22,2,53.3,68,pup52
PAR4091103885,CUS1057,2022/03/11,2,,60,pup2026
PAR4068774555,CUS1058,2022/03/23,3,84.39,87,pup3192
PAR4068702366,CUS1059,2022/03/31,1,53.3,65,pup3164
PAR4068777290,CUS1060,2022/03/09,3,42.16,50,pup628
PAR4068777290,CUS1060,2022/03/14,3,,60,pup3154
PAR4091187564,CUS1062,2022/03/09,1,42.16,53,pup3739
PAR4068794769,CUS1063,2022/03/28,2,,60,pup1907
PAR4091100516,CUS1064,2022/03/17,1,53.3,70,pup2970
PAR4068720299,CUS1065,2022/03/14,1,73.83,99,pup2104
PAR4068749040,CUS1066,2022/03/24,1,84.39,100,pup1126
PAR4091151951,CUS1066,2022/03/29,1,84.39,106,pup2788
PAR4068710045,CUS1068,2022/03/23,3,84.39,119,pup4653
PAR4091150842,CUS1069,2022/03/29,2,53.3,57,pup2175
PAR4068751066,CUS1070,2022/03/26,4,84.39,100,pup3295
PAR4091121900,CUS1070,2022/03/14,2,84.39,103,pup2014
PAR4091123742,CUS1072,2022/03/28,3,84.39,126,pup745
PAR4091132242,CUS1073,2022/03/10,2,84.39,94,pup543
PAR4091196836,CUS1074,2022/03/18,4,217.58,267,pup755
PAR4091180204,CUS1075,2022/03/31,1,84.39,118,pup2782
PAR4068780114,CUS1076,2022/03/12,3,73.83,100,pup1594
PAR4068741237,CUS1077,2022/03/14,1,42.16,50,pup4275
PAR4091197634,CUS1078,2022/03/16,2,,60,pup2400
PAR4091151055,CUS1079,2022/03/11,4,73.83,108,pup3080
PAR4091159976,CUS1080,2022/03/28,4,,60,pup3089
PAR4068738269,CUS1081,2022/03/15,3,217.58,305,pup438
PAR4091177075,CUS1082,2022/03/19,6,84.39,118,pup2541
PAR4091147211,CUS1083,2022/03/17,3,84.39,104,pup3058
PAR4091166226,CUS1084,2022/03/16,5,84.39,101,pup4536
PAR4068723050,CUS1085,2022/03/14,2,53.3,65,pup611
PAR4068727158,CUS1086,2022/03/18,2,53.3,60,pup3618
PAR4068781789,CUS1087,2022/03/31,4,42.16,61,pup490
PAR2081696454,CUS1088,2022/03/23,1,84.39,89,pup2725
PAR4091111730,CUS1089,2022/03/09,2,42.16,44,pup25
PAR4091117622,CUS1090,2022/03/12,2,84.39,120,pup3134
PAR4091115044,CUS1091,2022/03/16,5,73.83,79,pup4274
PAR4091122870,CUS1092,2022/03/19,3,,60,pup3709
PAR4068711834,CUS1093,2022/03/24,3,73.83,95,pup2719
PAR4068703223,CUS1094,2022/03/30,4,,60,pup618
PAR4091101263,CUS1095,2022/03/31,2,73.83,87,pup2775
PAR4091120986,CUS1096,2022/03/24,2,84.39,106,pup2987
PAR4068784562,CUS1097,2022/03/09,1,84.39,113,pup2746
PAR4091176246,CUS1098,2022/03/25,2,53.3,70,pup3537
PAR4091185294,CUS1098,2022/03/10,9,53.3,64,pup3239
PAR4091177644,CUS1100,2022/03/14,5,53.3,57,pup606
PAR4068742614,CUS1101,2022/03/24,4,,60,pup781
PAR4091145083,CUS1102,2022/03/31,2,73.83,79,pup2073
PAR4091191999,CUS1102,2022/03/23,2,73.83,88,pup681
PAR4068746086,CUS1104,2022/03/18,2,,60,pup528
PAR4068791379,CUS1104,2022/03/15,2,,60,pup1420
PAR4068706142,CUS1106,2022/03/17,2,84.39,97,pup139
PAR4091142573,CUS1106,2022/03/16,2,,60,pup2320
PAR4091169364,CUS1108,2022/03/17,3,,60,pup4258
PAR4091196670,CUS1109,2022/03/24,2,217.58,228,pup1695
PAR4068787904,CUS1110,2022/03/25,3,84.39,99,pup928
PAR4091192652,CUS1111,2022/03/23,2,53.3,55,pup1954
PAR4091138404,CUS1112,2022/03/16,4,53.3,67,pup2196
PAR4068744703,CUS1113,2022/03/23,2,53.3,67,pup3759
PAR4091107976,CUS1114,2022/03/09,1,42.16,49,pup2400
PAR4091129573,CUS1115,2022/03/25,2,84.39,110,pup1892
PAR4091195016,CUS1115,2022/03/09,4,42.16,63,pup672
PAR4091171871,CUS1117,2022/03/24,2,53.3,58,pup729
PAR4091163378,CUS1118,2022/03/10,3,73.83,75,pup746
PAR4091125322,CUS1119,2022/03/18,2,84.39,100,pup1025
PAR4068776420,CUS1120,2022/03/31,1,53.3,76,pup857
PAR4091179901,CUS1121,2022/03/22,2,84.39,125,pup1433
PAR4091128347,CUS1122,2022/03/22,2,73.83,77,pup4429
PAR4091158646,CUS1123,2022/03/14,4,73.83,94,pup546
PAR4068742105,CUS1124,2022/03/15,4,84.39,94,pup750
PAR4091166332,CUS1125,2022/03/09,1,53.3,58,pup1109
PAR4091140104,CUS1126,2022/03/11,5,84.39,97,pup1459
PAR4068728061,CUS1127,2022/03/10,4,84.39,101,pup2306
PAR4068702999,CUS1128,2022/03/31,2,73.83,91,pup3094
PAR4068754630,CUS1129,2022/03/15,4,,60,pup1034
PAR4091111205,CUS1129,2022/03/16,4,,60,pup2570
PAR2081662541,CUS1131,2022/03/24,1,84.39,100,pup778
PAR2081685294,CUS1132,2022/03/23,2,73.83,81,pup657
PAR4091189467,CUS1133,2022/03/15,2,84.39,103,pup1448
PAR4091184151,CUS1134,2022/03/28,2,53.3,56,pup568
PAR4068783922,CUS1135,2022/03/31,2,42.16,57,pup783
PAR4068715128,CUS1136,2022/03/30,2,53.3,78,pup2349
PAR4091157383,CUS1136,2022/03/22,10,53.3,59,pup650
PAR4091140883,CUS1138,2022/03/15,2,84.39,124,pup1566
PAR4068785061,CUS1139,2022/03/30,2,53.3,77,pup2817
PAR4091161872,CUS1140,2022/03/09,2,42.16,49,pup496
PAR4068757742,CUS1141,2022/03/31,3,84.39,99,pup433
PAR4068783665,CUS1142,2022/03/29,3,,60,pup2107
PAR4068738919,CUS1143,2022/03/29,4,73.83,89,pup1488
PAR4091160159,CUS1143,2022/03/17,3,73.83,82,pup3292
PAR4091110283,CUS1145,2022/03/10,2,84.39,102,pup1982
PAR4068706034,CUS1146,2022/03/18,2,53.3,78,pup4092
PAR4091135408,CUS1147,2022/03/16,2,84.39,116,pup4275
PAR4091148093,CUS1148,2022/03/14,2,53.3,60,pup903
PAR4068764891,CUS1149,2022/03/22,1,84.39,96,pup4270
PAR4091111008,CUS1150,2022/03/24,2,53.3,60,pup1693
PAR4068785007,CUS1151,2022/03/15,2,53.3,70,pup667
PAR4068751668,CUS1152,2022/03/10,1,53.3,76,pup912
PAR4091149277,CUS1153,2022/03/11,2,,60,pup741
PAR4068745888,CUS1154,2022/03/15,5,73.83,87,pup1110
PAR4091152073,CUS1155,2022/03/24,1,73.83,93,pup2340
PAR4068762441,CUS1156,2022/03/09,5,42.16,55,pup2003
PAR4068704429,CUS1157,2022/03/10,1,42.16,47,pup214
PAR4068766775,CUS1158,2022/03/23,2,,60,pup4342
PAR4068740472,CUS1159,2022/03/16,1,73.83,81,pup979
PAR4091139051,CUS1160,2022/03/14,1,84.39,118,pup1470
PAR4091128643,CUS1161,2022/03/14,2,53.3,74,pup2697
PAR4091125193,CUS1162,2022/03/15,1,42.16,51,pup957
PAR4091167572,CUS1163,2022/03/29,2,53.3,56,pup505
PAR4091124541,CUS1164,2022/03/29,2,84.39,99,pup1015
PAR4091102750,CUS1165,2022/03/24,1,73.83,91,pup2755
PAR4068759725,CUS1166,2022/03/28,4,53.3,56,pup3694
PAR4091155530,CUS1167,2022/03/16,2,53.3,75,pup3012
PAR4091142431,CUS1168,2022/03/10,4,84.39,93,pup898
PAR4068783761,CUS1169,2022/03/22,2,,60,pup4023
PAR4091151407,CUS1170,2022/03/14,5,,60,pup3167
PAR4068754491,CUS1171,2022/03/14,2,,60,pup675
PAR4068709124,CUS1172,2022/03/31,2,73.83,98,pup4390
PAR4091145943,CUS1173,2022/03/22,3,84.39,124,pup4604
PAR4091193660,CUS1174,2022/03/09,4,84.39,109,pup3233
PAR4068779457,CUS1175,2022/03/22,3,73.83,80,pup738
PAR4068705895,CUS1176,2022/03/30,6,84.39,93,pup2079
PAR4091121582,CUS1177,2022/03/24,4,,60,pup3923
PAR4091124326,CUS1177,2022/03/22,3,84.39,122,pup669
PAR4091194472,CUS1177,2022/03/15,2,,60,pup2753
PAR4068736860,CUS1180,2022/03/15,3,217.58,252,pup2772
PAR4068731635,CUS1181,2022/03/09,2,42.16,51,pup2839
PAR4068757151,CUS1182,2022/03/29,2,73.83,100,pup2139
PAR4091118064,CUS1182,2022/03/23,2,73.83,93,pup3100
PAR4091145073,CUS1182,2022/03/15,3,73.83,90,pup926
PAR4068739653,CUS1185,2022/03/25,4,84.39,110,pup831
PAR4091190322,CUS1186,2022/03/10,4,42.16,49,pup891
PAR4068772420,CUS1187,2022/03/15,2,42.16,45,pup1452
PAR4091158719,CUS1188,2022/03/09,2,42.16,64,pup3129
PAR4091137108,CUS1189,2022/03/22,4,84.39,125,pup2527
PAR4091134068,CUS1190,2022/03/16,4,,60,pup1044
PAR4091106417,CUS1191,2022/03/09,2,53.3,72,pup904
PAR4091124846,CUS1192,2022/03/10,2,84.39,110,pup3052
PAR4091139865,CUS1193,2022/03/09,1,42.16,63,pup4338
PAR4091159959,CUS1194,2022/03/15,2,,60,pup3145
PAR4068739209,CUS1195,2022/03/28,2,53.3,75,pup1020
PAR4091148817,CUS1196,2022/03/09,2,217.58,262,pup503
PAR4091120395,CUS1197,2022/03/22,2,84.39,87,pup3774
PAR4091151863,CUS1197,2022/03/09,3,84.39,92,pup4811
PAR4091133206,CUS1199,2022/03/10,1,84.39,120,pup933
PAR4068793363,CUS1200,2022/03/18,3,,60,pup2804
PAR4091115192,CUS1201,2022/03/28,2,53.3,74,pup2784
PAR4068712910,CUS1202,2022/03/25,7,84.39,117,pup543
PAR4068745383,CUS1203,2022/03/17,2,53.3,68,pup1503
PAR4068736387,CUS1204,2022/03/23,2,84.39,108,pup4105
PAR4091156132,CUS1205,2022/03/22,2,84.39,99,pup1561
PAR4091192160,CUS1206,2022/03/19,2,84.39,99,pup935
PAR4068717573,CUS1207,2022/03/23,3,53.3,62,pup3144
PAR4068704915,CUS1208,2022/03/22,3,73.83,80,pup1614
PAR4091165920,CUS1209,2022/03/16,2,53.3,73,pup661
PAR4091168905,CUS1210,2022/03/09,4,42.16,62,pup2307
PAR4091192851,CUS1211,2022/03/16,4,42.16,49,pup1849
PAR4091116022,CUS1212,2022/03/11,2,,60,pup4074
PAR4068784695,CUS1213,2022/03/31,5,53.3,73,pup992
PAR4068715516,CUS1214,2022/03/22,3,42.16,56,pup731
PAR4091124792,CUS1215,2022/03/22,3,84.39,116,pup2761
PAR4091124932,CUS1216,2022/03/10,1,,60,pup738
PAR4068723526,CUS1217,2022/03/29,2,53.3,66,pup494
PAR4091183898,CUS1218,2022/03/09,2,,60,pup4778
PAR4068771579,CUS1219,2022/03/25,2,,60,pup2769
PAR4068700869,CUS1220,2022/03/16,1,84.39,113,pup997
PAR4091136890,CUS1220,2022/03/17,2,84.39,114,pup736
PAR4091130527,CUS1222,2022/03/10,2,53.3,64,pup1398
PAR4091128224,CUS1223,2022/03/28,2,53.3,70,pup885
PAR4068750990,CUS1224,2022/03/18,3,53.3,57,pup949
PAR4091104344,CUS1225,2022/03/10,1,53.3,71,pup1271
PAR4091145014,CUS1226,2022/03/22,4,73.83,101,pup3679
PAR4068732383,CUS1227,2022/03/22,1,73.83,78,pup4377
PAR4091186554,CUS1228,2022/03/16,1,,60,pup1424
PAR4091124825,CUS1229,2022/03/24,2,84.39,122,pup2338
PAR4091103022,CUS1230,2022/03/10,3,73.83,109,pup1022
PAR4091112517,CUS1230,2022/03/22,4,73.83,93,pup2320
PAR4068738778,CUS1232,2022/03/22,2,,60,pup1121
PAR4068745554,CUS1233,2022/03/15,2,,60,pup4277
PAR4091100790,CUS1234,2022/03/22,3,,60,pup1624
PAR4068762733,CUS1235,2022/03/25,1,84.39,87,pup4264
PAR4091140854,CUS1235,2022/03/09,1,84.39,86,pup616
PAR4091121948,CUS1237,2022/03/11,1,84.39,90,pup1949
PAR4091137928,CUS1238,2022/03/15,2,84.39,111,pup611
PAR4091113870,CUS1239,2022/03/28,2,84.39,95,pup2671
PAR4068705577,CUS1240,2022/03/29,1,84.39,117,pup1579
PAR4091135012,CUS1240,2022/03/24,1,84.39,86,pup1759
PAR4091117086,CUS1242,2022/03/19,3,73.83,81,pup1038
PAR4091141644,CUS1243,2022/03/09,2,42.16,61,pup964
PAR4091103949,CUS1244,2022/03/23,4,84.39,119,pup4525
PAR4091192774,CUS1245,2022/03/28,2,84.39,89,pup980
PAR4091158099,CUS1246,2022/03/11,2,73.83,78,pup2559
PAR4068723613,CUS1247,2022/03/24,1,53.3,61,pup4711
PAR4091138294,CUS1248,2022/03/10,4,84.39,112,pup2087
PAR4068745034,CUS1249,2022/03/30,3,84.39,127,pup991
PAR4091128302,CUS1250,2022/03/09,2,42.16,50,pup3060
PAR4068750368,CUS1251,2022/03/18,2,84.39,93,pup1120
PAR4068773990,CUS1252,2022/03/29,4,73.83,101,pup983
PAR4091128033,CUS1253,2022/03/30,3,84.39,93,pup1986
PAR4091199518,CUS1254,2022/03/24,2,84.39,85,pup116
PAR4091110110,CUS1255,2022/03/16,2,,60,pup525
PAR4068763918,CUS1256,2022/03/17,2,53.3,80,pup854
PAR4068797289,CUS1257,2022/03/22,3,84.39,104,pup786
PAR4068788186,CUS1258,2022/03/24,1,84.39,102,pup1935
PAR4091197445,CUS1259,2022/03/22,3,73.83,76,pup1115
PAR4091183733,CUS1260,2022/03/16,2,73.83,78,pup905
PAR4068713899,CUS1261,2022/03/22,4,73.83,82,pup1009
PAR4091188896,CUS1262,2022/03/29,3,73.83,91,pup2750
PAR4091156233,CUS1263,2022/03/28,4,73.83,100,pup689
PAR4091119544,CUS1264,2022/03/22,4,73.83,97,pup1947
PAR4091123576,CUS1265,2022/03/11,2,,60,pup3893
PAR4091145931,CUS1266,2022/03/17,3,84.39,96,pup1476
PAR4068737802,CUS1267,2022/03/16,2,84.39,121,pup2775
PAR4091130435,CUS1268,2022/03/09,1,53.3,56,pup981
PAR4091120339,CUS1269,2022/03/10,1,53.3,79,pup3129
PAR4068788209,CUS1270,2022/03/15,3,84.39,87,pup2285
PAR4068747964,CUS1271,2022/03/22,3,84.39,88,pup533
PAR4091193836,CUS1272,2022/03/10,5,217.58,220,pup2908
PAR4068741202,CUS1273,2022/03/09,1,53.3,60,pup799
PAR4091142591,CUS1274,2022/03/22,2,84.39,126,pup1022
PAR4091151639,CUS1275,2022/03/18,2,,60,pup938
PAR4068749475,CUS1276,2022/03/22,2,53.3,64,pup694
PAR4068710929,CUS1277,2022/03/23,4,,60,pup2169
PAR4068700826,CUS1278,2022/03/30,2,217.58,240,pup3179
PAR4068749372,CUS1279,2022/03/18,2,84.39,114,pup2210
PAR4091154491,CUS1280,2022/03/15,3,73.83,84,pup3281
PAR4091112899,CUS1281,2022/03/29,2,84.39,89,pup3701
PAR4091171819,CUS1282,2022/03/14,1,53.3,76,pup707
PAR4091186261,CUS1283,2022/03/17,1,84.39,116,pup2741
PAR4091122968,CUS1284,2022/03/24,2,84.39,94,pup1708
PAR4068779980,CUS1285,2022/03/28,1,53.3,69,pup3306
PAR4068726915,CUS1286,2022/03/15,2,53.3,57,pup1110
PAR4091191647,CUS1287,2022/03/29,4,84.39,101,pup4365
PAR4068771219,CUS1288,2022/03/19,3,,60,pup1960
PAR4091190853,CUS1289,2022/03/22,1,,60,pup580
PAR4068768749,CUS1290,2022/03/31,2,84.39,108,pup377
PAR4091136504,CUS1291,2022/03/11,3,53.3,73,pup2261
PAR4091123054,CUS1292,2022/03/10,1,53.3,77,pup1009
PAR4091126096,CUS1292,2022/03/15,3,53.3,65,pup718
PAR4068740970,CUS1294,2022/03/30,1,84.39,120,pup1434
PAR4068791167,CUS1295,2022/03/10,2,53.3,72,pup2212
PAR4091120072,CUS1296,2022/03/11,1,84.39,97,pup566
PAR4091148210,CUS1297,2022/03/09,2,42.16,43,pup4427
PAR4091148613,CUS1298,2022/03/10,1,42.16,44,pup3133
PAR4068772129,CUS1299,2022/03/18,2,53.3,63,pup867
PAR4068738511,CUS1300,2022/03/19,3,73.83,107,pup3736
PAR4091128857,CUS1301,2022/03/11,1,53.3,80,pup732
PAR4068719053,CUS1302,2022/03/25,2,53.3,67,pup3151
PAR4091196719,CUS1302,2022/03/28,7,,60,pup931
PAR4068780408,CUS1304,2022/03/31,1,53.3,73,pup2538
PAR4091171831,CUS1305,2022/03/22,2,53.3,74,pup514
PAR4068752643,CUS1306,2022/03/18,4,84.39,123,pup928
PAR4091160197,CUS1306,2022/03/29,9,84.39,107,pup4175
PAR4091108613,CUS1308,2022/03/09,1,53.3,62,pup784
PAR4068771779,CUS1309,2022/03/19,3,42.16,56,pup187
PAR4091101758,CUS1310,2022/03/31,3,,60,pup318
PAR4091174877,CUS1310,2022/03/22,4,73.83,94,pup2730
PAR4091127872,CUS1312,2022/03/22,5,,60,pup2830
PAR4091169459,CUS1312,2022/03/09,1,42.16,61,pup1007
PAR4068794432,CUS1314,2022/03/30,2,53.3,68,pup493
PAR4091135928,CUS1315,2022/03/18,2,84.39,104,pup2780
PAR4068700765,CUS1316,2022/03/10,1,,60,pup960
PAR4068756779,CUS1317,2022/03/25,1,84.39,106,pup1944
PAR4068797546,CUS1318,2022/03/30,2,53.3,76,pup1968
PAR4091199533,CUS1319,2022/03/16,4,,60,pup4287
PAR4068752781,CUS1320,2022/03/16,4,217.58,251,pup624
PAR4091117493,CUS1321,2022/03/09,3,217.58,319,pup3109
PAR4091180689,CUS1322,2022/03/10,2,84.39,109,pup2241
PAR4068768642,CUS1323,2022/03/18,2,53.3,56,pup957
PAR4091172482,CUS1324,2022/03/11,1,53.3,73,pup2527
PAR4068753907,CUS1325,2022/03/30,1,84.39,95,pup1396
PAR4068781506,CUS1326,2022/03/14,9,53.3,60,pup2173
PAR4091188948,CUS1327,2022/03/22,4,217.58,287,pup4181
PAR4091180960,CUS1328,2022/03/15,6,,60,pup1611
PAR4091182978,CUS1329,2022/03/14,4,,60,pup722
PAR4091154310,CUS1330,2022/03/10,4,53.3,60,pup928
PAR4091171765,CUS1331,2022/03/18,2,84.39,125,pup2026
PAR4091190446,CUS1332,2022/03/11,,,60,pup492
PAR4068796970,CUS1333,2022/03/09,2,42.16,57,pup2814
PAR4068796970,CUS1333,2022/03/14,2,,60,pup922
PAR4091186746,CUS1335,2022/03/28,2,84.39,105,pup2079
PAR4068758975,CUS1336,2022/03/24,2,53.3,72,pup2860
PAR4068703518,CUS1337,2022/03/16,2,84.39,99,pup974
PAR4091180359,CUS1338,2022/03/11,2,84.39,92,pup3817
PAR4068793499,CUS1339,2022/03/15,2,84.39,104,pup3770
PAR4068750299,CUS1340,2022/03/22,7,,60,pup2735
PAR4091112288,CUS1341,2022/03/22,4,84.39,103,pup1030
PAR4091109020,CUS1342,2022/03/15,2,84.39,92,pup4787
PAR4068767260,CUS1343,2022/03/16,3,84.39,100,pup517
PAR4068732956,CUS1344,2022/03/29,5,53.3,58,pup1172
PAR4091169292,CUS1345,2022/03/15,3,84.39,95,pup702
PAR4068713124,CUS1346,2022/03/25,1,53.3,68,pup79
PAR4091134310,CUS1347,2022/03/17,4,73.83,79,pup1935
PAR4068717382,CUS1348,2022/03/26,5,84.39,108,pup3736
PAR4091124583,CUS1349,2022/03/11,2,53.3,67,pup2724
PAR4091111972,CUS1350,2022/03/09,1,84.39,96,pup1390
PAR4091177340,CUS1351,2022/03/29,4,,60,pup2272
PAR4091175181,CUS1352,2022/03/18,5,,60,pup3759
PAR4091121262,CUS1353,2022/03/10,3,84.39,121,pup467
PAR4068754158,CUS1354,2022/03/16,3,73.83,93,pup3757
PAR4091178894,CUS1355,2022/03/09,2,42.16,63,pup975
PAR4091178894,CUS1355,2022/03/14,2,,60,pup504
PAR4068773800,CUS1357,2022/03/19,1,217.58,289,pup613
PAR4091158443,CUS1358,2022/03/11,3,84.39,100,pup877
PAR4068747096,CUS1359,2022/03/15,2,84.39,113,pup2786
PAR4091120164,CUS1360,2022/03/29,1,73.83,96,pup2073
PAR4091149719,CUS1360,2022/03/10,3,73.83,96,pup682
PAR4091175115,CUS1360,2022/03/22,3,73.83,96,pup4268
PAR4091147667,CUS1363,2022/03/18,3,73.83,109,pup744
PAR4068790979,CUS1364,2022/03/17,4,,60,pup3150
PAR4091122307,CUS1365,2022/03/16,4,84.39,120,pup3770
PAR4068737908,CUS1366,2022/03/22,1,73.83,90,pup1631
PAR4068700075,CUS1367,2022/03/28,2,53.3,63,pup4187
PAR4091118898,CUS1368,2022/03/10,4,84.39,115,pup3060
PAR4068729913,CUS1369,2022/03/22,4,,60,pup4429
PAR4091107847,CUS1370,2022/03/09,1,,60,pup3104
PAR4091172928,CUS1371,2022/03/28,3,84.39,121,pup2901
PAR4068742280,CUS1372,2022/03/30,2,84.39,97,pup766
PAR4068755657,CUS1373,2022/03/30,2,84.39,94,pup907
PAR4068705547,CUS1374,2022/03/22,3,73.83,98,pup4488
PAR4091179753,CUS1375,2022/03/22,3,84.39,121,pup4023
PAR4091197715,CUS1376,2022/03/11,3,53.3,74,pup2280
PAR4091185963,CUS1377,2022/03/31,2,84.39,102,pup3925
PAR4068781323,CUS1378,2022/03/22,5,73.83,107,pup500
PAR4091136862,CUS1379,2022/03/15,5,73.83,80,pup3740
PAR4091193264,CUS1379,2022/03/17,3,,60,pup1625
PAR4068753824,CUS1381,2022/03/26,3,73.83,96,pup543
PAR4091176322,CUS1382,2022/03/17,2,53.3,70,pup607
PAR4091117626,CUS1383,2022/03/25,5,217.58,319,pup708
PAR4068767555,CUS1384,2022/03/19,1,84.39,114,pup1940
PAR4068771862,CUS1384,2022/03/28,1,84.39,103,pup2013
PAR4068778441,CUS1386,2022/03/30,1,84.39,112,pup3698
PAR4091158276,CUS1387,2022/03/23,2,217.58,228,pup1399
PAR4091146690,CUS1388,2022/03/16,2,73.83,105,pup3186
PAR4091197281,CUS1389,2022/03/22,3,,,pup2784
PAR4091126042,CUS1390,2022/03/09,4,42.16,51,pup657
PAR4091170483,CUS1391,2022/03/11,3,84.39,96,pup2027
PAR4091105114,CUS1392,2022/03/10,2,53.3,55,pup3103
PAR4091135820,CUS1393,2022/03/16,1,42.16,57,pup2109
PAR4091168978,CUS1394,2022/03/16,2,53.3,64,pup941
PAR4091175254,CUS1395,2022/03/09,1,42.16,56,pup3140
PAR4068784499,CUS1396,2022/03/28,2,,60,pup3054
PAR4068798049,CUS1397,2022/03/30,1,42.16,47,pup3145
PAR4091155152,CUS1398,2022/03/09,3,42.16,45,pup578
PAR4091115053,CUS1399,2022/03/25,4,,60,pup108
PAR4091166465,CUS1399,2022/03/30,2,84.39,116,pup3451
PAR4091199919,CUS1401,2022/03/11,2,53.3,71,pup2533
PAR4068758953,CUS1402,2022/03/22,2,84.39,96,pup3273
PAR4091181642,CUS1403,2022/03/10,2,73.83,82,pup2527
PAR4068745440,CUS1404,2022/03/17,2,84.39,118,pup3063
PAR4091185811,CUS1405,2022/03/10,3,84.39,121,pup672
PAR4091197360,CUS1406,2022/03/28,2,84.39,109,pup2402
PAR4091197360,CUS1406,2022/03/29,2,,60,pup624
PAR4068776940,CUS1408,2022/03/09,2,42.16,46,pup782
PAR4068776940,CUS1408,2022/03/14,2,,60,pup203
PAR4068775334,CUS1410,2022/03/23,2,84.39,113,pup112
PAR4068709092,CUS1411,2022/03/22,3,217.58,298,pup1465
PAR4091176670,CUS1412,2022/03/24,1,84.39,105,pup2784
PAR4068760912,CUS1413,2022/03/18,4,84.39,89,pup686
PAR4068726965,CUS1414,2022/03/31,2,42.16,50,pup3140
PAR4091119887,CUS1415,2022/03/22,4,73.83,75,pup2857
PAR4091143118,CUS1416,2022/03/09,2,,60,pup1993
PAR4091162707,CUS1417,2022/03/10,4,53.3,77,pup3779
PAR4068723497,CUS1418,2022/03/29,2,53.3,73,pup1020
PAR4091157406,CUS1419,2022/03/22,4,84.39,91,pup4154
PAR4091135697,CUS1420,2022/03/12,3,84.39,86,pup1039
PAR4091174439,CUS1421,2022/03/11,1,53.3,79,pup373
PAR4068774361,CUS1422,2022/03/17,3,,60,pup543
PAR4091148263,CUS1423,2022/03/16,2,53.3,55,pup1489
PAR4091156603,CUS1424,2022/03/29,3,53.3,79,pup3081
PAR4091107790,CUS1425,2022/03/10,3,84.39,114,pup4286
PAR4091199392,CUS1425,2022/03/10,2,53.3,73,pup2318
PAR4068796476,CUS1427,2022/03/29,4,84.39,87,pup3900
PAR4091194690,CUS1428,2022/03/22,3,84.39,112,pup527
PAR4091179991,CUS1429,2022/03/16,3,84.39,124,pup913
PAR4068755578,CUS1430,2022/03/25,3,84.39,113,pup4429
PAR4091158978,CUS1431,2022/03/17,2,53.3,69,pup3703
PAR4068721931,CUS1432,2022/03/23,3,,60,pup511
PAR4091116071,CUS1433,2022/03/28,3,,60,pup758
PAR4091155352,CUS1434,2022/03/15,3,53.3,62,pup3289
PAR4091167332,CUS1434,2022/03/28,2,53.3,66,pup2285
PAR4068785142,CUS1436,2022/03/25,1,73.83,75,pup779
PAR4091117897,CUS1437,2022/03/30,4,73.83,79,pup1575
PAR4091122464,CUS1437,2022/03/14,4,73.83,92,pup2301
PAR4091131211,CUS1439,2022/03/29,3,42.16,44,pup4754
PAR4091128606,CUS1440,2022/03/18,3,84.39,96,pup2312
PAR4091123297,CUS1441,2022/03/14,1,53.3,69,pup1491
PAR4068752207,CUS1442,2022/03/16,4,73.83,94,pup1443
PAR4068794563,CUS1443,2022/03/18,4,42.16,50,pup3174
PAR4068741592,CUS1444,2022/03/31,2,53.3,64,pup2067
PAR4091172457,CUS1445,2022/03/12,4,73.83,79,pup3952
PAR4091121628,CUS1446,2022/03/16,4,84.39,119,pup2224
PAR4091155611,CUS1447,2022/03/29,1,73.83,82,pup646
PAR4091115313,CUS1448,2022/03/17,2,84.39,123,pup2472
PAR4068734602,CUS1449,2022/03/29,3,42.16,50,pup3001
PAR4091140279,CUS1450,2022/03/10,2,84.39,125,pup2243
PAR4068753571,CUS1451,2022/03/18,3,,60,pup3165
PAR4068779803,CUS1452,2022/03/18,2,84.39,108,pup2391
PAR4091100216,CUS1453,2022/03/17,26,118.99,135,pup2308
PAR4091150323,CUS1453,2022/03/17,28,127.2,170,pup2778
PAR4091161739,CUS1453,2022/03/17,29,131.31,184,pup4270
PAR4091178626,CUS1453,2022/03/17,24,110.78,117,pup2285
PAR4068704350,CUS1457,2022/03/25,2,53.3,56,pup720
PAR4091196696,CUS1458,2022/03/23,4,73.83,95,pup650
PAR4068732320,CUS1459,2022/03/22,2,,60,pup1947
PAR4091166651,CUS1460,2022/03/28,2,84.39,113,pup994
PAR4091194630,CUS1461,2022/03/18,2,84.39,103,pup728
PAR4091120083,CUS1462,2022/03/14,3,217.58,265,pup418
PAR4068768027,CUS1463,2022/03/16,2,,60,pup2107
PAR4091112905,CUS1464,2022/03/28,4,73.83,77,pup1967
PAR4091165510,CUS1464,2022/03/09,2,,60,pup2138
PAR4068728967,CUS1466,2022/03/18,2,84.39,104,pup4654
PAR4068724960,CUS1467,2022/03/30,2,,60,pup1007
PAR4068794790,CUS1467,2022/03/25,3,84.39,117,pup1998
PAR4091171130,CUS1469,2022/03/29,8,53.3,54,pup492
PAR4091166592,CUS1470,2022/03/18,5,,60,pup1126
PAR4091191167,CUS1471,2022/03/09,1,42.16,58,pup1949
PAR4091132173,CUS1472,2022/03/22,2,53.3,65,pup3774
PAR4091125314,CUS1473,2022/03/26,4,73.83,91,pup3012
PAR4091198119,CUS1474,2022/03/16,3,84.39,122,pup1862
PAR4091123995,CUS1475,2022/03/09,4,,60,pup757
PAR4091100395,CUS1476,2022/03/22,1,73.83,75,pup3086
PAR4091189855,CUS1477,2022/03/12,4,73.83,88,pup4252
PAR4091137069,CUS1478,2022/03/09,2,,60,pup4291
PAR4091161186,CUS1479,2022/03/15,4,84.39,88,pup759
PAR4091174374,CUS1480,2022/03/14,6,,60,pup3774
PAR4091148904,CUS1481,2022/03/17,8,53.3,56,pup2029
PAR4091164769,CUS1482,2022/03/18,6,53.3,77,pup1433
PAR4091155384,CUS1483,2022/03/25,3,53.3,70,pup925
PAR4091156661,CUS1484,2022/03/10,3,,60,pup1617
PAR4091171316,CUS1485,2022/03/09,2,73.83,75,pup701
PAR4068748942,CUS1486,2022/03/29,1,53.3,70,pup545
PAR4091189375,CUS1487,2022/03/14,1,84.39,107,pup2800
PAR4068707033,CUS1488,2022/03/28,2,53.3,74,pup508
PAR4091149688,CUS1489,2022/03/11,2,217.58,292,pup3997
PAR4068734194,CUS1490,2022/03/22,3,84.39,92,pup1934
PAR4091107651,CUS1491,2022/03/18,3,84.39,112,pup737
PAR4068776936,CUS1492,2022/03/29,4,53.3,62,pup1695
PAR4091119691,CUS1493,2022/03/10,1,84.39,123,pup1556
PAR4068763500,CUS1494,2022/03/25,3,84.39,112,pup3542
PAR4068773852,CUS1495,2022/03/30,2,84.39,100,pup1618
PAR4091190371,CUS1496,2022/03/10,12,94.94,127,pup505
PAR4091197512,CUS1497,2022/03/23,6,,60,pup3741
PAR4068759240,CUS1498,2022/03/31,2,84.39,99,pup2012
PAR4068708470,CUS1499,2022/03/28,4,73.83,102,pup707
PAR4091169971,CUS1500,2022/03/14,9,,60,pup3076
PAR4068766224,CUS1501,2022/03/30,2,84.39,93,pup3069
PAR4091185624,CUS1502,2022/03/16,2,53.3,73,pup373
PAR4068765875,CUS1503,2022/03/23,3,84.39,105,pup441
PAR4068772422,CUS1504,2022/03/25,2,84.39,111,pup2025
PAR4068735509,CUS1505,2022/03/17,2,53.3,65,pup1022
PAR4091137037,CUS1506,2022/03/22,3,84.39,121,pup503
PAR4068765083,CUS1507,2022/03/26,3,84.39,121,pup1456
PAR4068756712,CUS1508,2022/03/09,1,,60,pup1036
PAR4068762223,CUS1509,2022/03/22,3,84.39,88,pup1148
PAR4091191635,CUS1510,2022/03/24,3,73.83,88,pup753
PAR4068724329,CUS1511,2022/03/24,3,217.58,313,pup507
PAR4068786017,CUS1512,2022/03/28,4,217.58,240,pup3939
PAR4091114039,CUS1512,2022/03/22,3,84.39,103,pup984
PAR4068790861,CUS1514,2022/03/18,3,84.39,124,pup1113
PAR4091151624,CUS1515,2022/03/10,2,53.3,59,pup935
PAR4091192989,CUS1516,2022/03/22,4,,60,pup2789
PAR4068751035,CUS1517,2022/03/31,2,84.39,100,pup1561
PAR4091126952,CUS1518,2022/03/09,1,,60,pup931
PAR4091111711,CUS1519,2022/03/28,2,84.39,120,pup902
PAR4068758017,CUS1520,2022/03/30,1,73.83,107,pup896
PAR4091154830,CUS1521,2022/03/09,3,,60,pup713
PAR4068798117,CUS1522,2022/03/22,4,84.39,103,pup3912
PAR4068734080,CUS1523,2022/03/26,4,42.16,54,pup1089
PAR4068726245,CUS1524,2022/03/28,4,217.58,257,pup2084
PAR4068703381,CUS1525,2022/03/29,1,84.39,108,pup3289
PAR4091129961,CUS1525,2022/03/24,1,84.39,96,pup554
PAR4068717067,CUS1527,2022/03/11,2,42.16,50,pup2113
PAR4091147098,CUS1528,2022/03/16,4,84.39,104,pup673
PAR4068757347,CUS1529,2022/03/26,4,84.39,92,pup817
PAR4068767316,CUS1529,2022/03/30,2,84.39,97,pup869
PAR4091194824,CUS1531,2022/03/24,2,73.83,82,pup1431
PAR4068712542,CUS1532,2022/03/18,4,53.3,57,pup859
PAR4068787781,CUS1533,2022/03/26,2,73.83,82,pup1453
PAR4068722719,CUS1534,2022/03/24,1,84.39,104,pup611
PAR4068721237,CUS1535,2022/03/26,3,84.39,102,pup180
PAR4091126199,CUS1536,2022/03/15,4,84.39,85,pup2796
PAR4068728959,CUS1537,2022/03/25,1,53.3,63,pup868
PAR4091132718,CUS1537,2022/03/29,1,53.3,66,pup1953
PAR4091122493,CUS1539,2022/03/14,3,73.83,106,pup2782
PAR4068701603,CUS1540,2022/03/30,6,73.83,82,pup537
PAR4068703830,CUS1540,2022/03/30,4,73.83,85,pup2120
PAR4091136443,CUS1542,2022/03/11,2,53.3,71,pup4185
PAR4091118068,CUS1543,2022/03/28,3,73.83,98,pup4071
PAR4091104795,CUS1544,2022/03/14,3,53.3,78,pup948
PAR4091156693,CUS1544,2022/03/28,2,,60,pup4291
PAR4068718567,CUS1546,2022/03/29,4,73.83,102,pup3155
PAR4091184564,CUS1547,2022/03/16,2,42.16,61,pup614
PAR4091104399,CUS1548,2022/03/09,2,42.16,43,pup735
v$~,CUS1549,2022/03/14,3,,60,pup1423
PAR4091105421,CUS1550,2022/03/09,2,,60,pup1077
PAR4091189145,CUS1550,2022/03/14,3,53.3,74,pup3957
PAR4068736124,CUS1552,2022/03/15,4,84.39,123,pup2538
PAR4091121859,CUS1552,2022/03/22,6,84.39,120,pup2290
PAR4068733923,CUS1554,2022/03/18,2,73.83,97,pup556
PAR4091182916,CUS1554,2022/03/15,2,73.83,101,pup925
PAR4091126500,CUS1556,2022/03/11,2,84.39,91,pup1496
PAR4068735293,CUS1557,2022/03/29,3,,60,pup3068
PAR4091150959,CUS1557,2022/03/29,4,73.83,108,pup632
PAR4091172371,CUS1559,2022/03/14,3,73.83,84,pup2774
PAR4091186854,CUS1560,2022/03/18,4,,60,pup1496
PAR4091195353,CUS1560,2022/03/24,3,84.39,113,pup551
PAR4091175056,CUS1562,2022/03/28,2,73.83,102,pup3119
PAR4068734136,CUS1563,2022/03/19,4,73.83,100,pup608
PAR4068770422,CUS1564,2022/03/23,1,73.83,86,pup2211
PAR4068785510,CUS1565,2022/03/22,3,84.39,103,pup3251
PAR4091183631,CUS1566,2022/03/11,2,53.3,60,pup536
PAR4068712585,CUS1567,2022/03/15,4,84.39,95,pup3902
PAR4068789624,CUS1567,2022/03/19,4,84.39,90,pup874
PAR4068725318,CUS1569,2022/03/18,2,,60,pup737
PAR4091155415,CUS1570,2022/03/31,3,84.39,92,pup536
PAR4091187643,CUS1571,2022/03/17,5,53.3,64,pup964
PAR4091184604,CUS1572,2022/03/28,3,84.39,125,pup549
PAR4091136806,CUS1573,2022/03/14,1,84.39,104,pup648
PAR4091188886,CUS1574,2022/03/15,2,53.3,71,pup627
PAR4068751723,CUS1575,2022/03/16,2,53.3,70,pup1130
PAR4068791713,CUS1576,2022/03/30,2,53.3,59,pup2841
PAR4091171558,CUS1577,2022/03/25,1,53.3,67,pup4641
PAR4091103099,CUS1578,2022/03/30,2,53.3,56,pup4152
PAR4068701948,CUS1579,2022/03/26,4,73.83,109,pup3265
PAR4068731346,CUS1580,2022/03/18,5,84.39,122,pup1956
PAR4091193990,CUS1581,2022/03/11,4,53.3,64,pup1472
PAR4068770395,CUS1582,2022/03/30,2,84.39,89,pup864
PAR4091132112,CUS1582,2022/03/10,6,84.39,124,pup3211
PAR4091145233,CUS1582,2022/03/11,2,84.39,116,pup885
PAR4091162957,CUS1585,2022/03/11,2,84.39,117,pup566
PAR4068724729,CUS1586,2022/03/29,2,53.3,69,pup635
PAR4091145198,CUS1587,2022/03/09,2,42.16,49,pup991
PAR4091105594,CUS1588,2022/03/10,2,53.3,72,pup2784
PAR4091125712,CUS1589,2022/03/24,2,84.39,103,pup3631
PAR4091126221,CUS1590,2022/03/10,3,53.3,69,pup535
PAR4091100647,CUS1591,2022/03/09,2,53.3,59,pup1625
PAR4091189896,CUS1592,2022/03/09,4,73.83,103,pup1932
PAR4091131810,CUS1593,2022/03/10,1,84.39,95,pup3455
PAR4091126687,CUS1594,2022/03/30,3,84.39,92,pup965
PAR4091135790,CUS1595,2022/03/22,1,42.16,46,pup329
PAR4091143597,CUS1596,2022/03/10,1,53.3,69,pup677
PAR4068711715,CUS1597,2022/03/26,5,73.83,98,pup1289
PAR4091102596,CUS1598,2022/03/17,3,73.83,87,pup525
PAR4091121232,CUS1599,2022/03/22,3,73.83,107,pup774
PAR4091137265,CUS1600,2022/03/29,1,,60,pup2407
PAR4091165283,CUS1600,2022/03/10,5,,60,pup1944
PAR4068758171,CUS1602,2022/03/24,7,84.39,114,pup1087
PAR4091178867,CUS1603,2022/03/15,2,84.39,100,pup613
PAR4091152919,CUS1604,2022/03/10,3,84.39,95,pup2562
PAR4091143330,CUS1605,2022/03/10,2,53.3,66,pup1958
PAR4068779027,CUS1606,2022/03/16,4,84.39,104,pup3556
PAR4091187436,CUS1607,2022/03/10,3,217.58,232,pup2367
PAR4068723835,CUS1608,2022/03/28,3,73.83,92,pup2717
PAR4091185712,CUS1609,2022/03/24,4,,60,pup2235
PAR4068717532,CUS1610,2022/03/22,3,73.83,107,pup1988
PAR4068710002,CUS1611,2022/03/22,6,217.58,290,pup771
PAR4091132505,CUS1612,2022/03/15,4,73.83,84,pup1276
PAR4091162122,CUS1612,2022/03/15,2,73.83,95,pup673
PAR4068725056,CUS1614,2022/03/29,1,73.83,81,pup3060
PAR4091165358,CUS1614,2022/03/28,3,73.83,106,pup2246
PAR4091140910,CUS1616,2022/03/16,3,53.3,75,pup1953
PAR4068717658,CUS1617,2022/03/30,4,84.39,125,pup2103
PAR4068767584,CUS1617,2022/03/25,3,84.39,87,pup3781
PAR4068729133,CUS1619,2022/03/30,2,,60,pup2084
PAR4091194706,CUS1619,2022/03/16,11,57.41,70,pup789
PAR4068700000,CUS1621,2022/03/14,1,42.16,46,pup3774
PAR4068764724,CUS1622,2022/03/24,4,53.3,65,pup2210
PAR4091155038,CUS1623,2022/03/17,3,217.58,292,pup1353
PAR4091119760,CUS1624,2022/03/29,3,84.39,99,pup4554
PAR4091180813,CUS1625,2022/03/09,1,84.39,107,pup2533
PAR4091135931,CUS1626,2022/03/15,2,53.3,55,pup988
PAR4091140962,CUS1627,2022/03/22,4,42.16,46,pup3737
PAR4068712291,CUS1628,2022/03/26,3,73.83,105,pup985
PAR4068716539,CUS1629,2022/03/26,3,84.39,88,pup2075
PAR4068773227,CUS1630,2022/03/29,3,,60,pup3145
PAR4091159643,CUS1631,2022/03/10,2,73.83,86,pup3784
PAR4091193853,CUS1632,2022/03/09,1,53.3,74,pup1437
PAR4091147300,CUS1633,2022/03/09,2,,60,pup2267
PAR4091184899,CUS1633,2022/03/22,2,84.39,105,pup3288
PAR4068729412,CUS1635,2022/03/22,5,84.39,85,pup1390
PAR4068749406,CUS1636,2022/03/25,3,217.58,273,pup612
PAR4091137302,CUS1637,2022/03/17,5,73.83,75,pup4300
PAR4068794974,CUS1638,2022/03/22,1,73.83,87,pup1312
PAR4091189218,CUS1639,2022/03/11,4,,60,pup2272
PAR4068702018,CUS1640,2022/03/24,2,53.3,58,pup4407
PAR4091180430,CUS1641,2022/03/28,4,42.16,48,pup1947
PAR4068717433,CUS1642,2022/03/24,6,73.83,97,pup681
PAR4091138638,CUS1643,2022/03/10,3,84.39,101,pup2671
PAR4091136722,CUS1644,2022/03/31,3,84.39,85,pup876
PAR4068718603,CUS1645,2022/03/09,1,42.16,43,pup2403
PAR4091161168,CUS1646,2022/03/09,1,73.83,78,pup2533
PAR4091130466,CUS1647,2022/03/18,2,84.39,94,pup2340
PAR4068760400,CUS1648,2022/03/29,3,84.39,104,pup524
PAR4091137826,CUS1649,2022/03/16,4,84.39,115,pup3925
PAR4068758943,CUS1650,2022/03/29,1,,60,pup897
PAR4068728836,CUS1651,2022/03/22,3,84.39,100,pup916
PAR4091193469,CUS1651,2022/03/12,3,84.39,120,pup365
PAR4091105903,CUS1653,2022/03/14,7,53.3,65,pup1121
PAR4091128174,CUS1653,2022/03/09,1,,60,pup3259
PAR4068760636,CUS1655,2022/03/25,2,73.83,108,pup1458
PAR4091195186,CUS1656,2022/03/10,9,,60,pup2749
PAR4068707257,CUS1657,2022/03/16,2,84.39,119,pup3104
PAR4091146870,CUS1658,2022/03/29,3,,,pup714
PAR4091155138,CUS1659,2022/03/14,2,84.39,114,pup878
PAR4091144293,CUS1660,2022/03/29,2,84.39,126,pup897
PAR4091140872,CUS1661,2022/03/09,2,,60,pup1094
PAR4068767241,CUS1662,2022/03/18,3,53.3,69,pup540
PAR4068736764,CUS1663,2022/03/29,1,84.39,110,pup777
PAR4091118108,CUS1663,2022/03/17,3,84.39,95,pup3112
PAR4068753118,CUS1665,2022/03/25,2,84.39,105,pup3261
PAR4091198704,CUS1666,2022/03/11,3,53.3,71,pup1427
PAR4091114704,CUS1667,2022/03/09,2,42.16,51,pup1611
PAR4091154950,CUS1668,2022/03/09,1,42.16,54,pup3251
PAR4091154950,CUS1668,2022/03/14,1,,60,pup4290
PAR4091193587,CUS1670,2022/03/18,3,84.39,93,pup3288
PAR4068762811,CUS1671,2022/03/28,3,73.83,83,pup715
PAR4091182951,CUS1672,2022/03/23,2,84.39,96,pup1276
PAR4091169226,CUS1673,2022/03/10,2,53.3,76,pup573
PAR4068707310,CUS1674,2022/03/10,3,53.3,77,pup686
PAR4091168146,CUS1675,2022/03/10,5,84.39,121,pup2102
PAR4091149157,CUS1676,2022/03/28,2,53.3,55,pup2374
PAR4091153985,CUS1676,2022/03/15,4,53.3,72,pup1560
PAR4091187878,CUS1676,2022/03/09,7,42.16,44,pup1427
PAR4068789718,CUS1679,2022/03/25,2,53.3,69,pup2829
PAR4068740972,CUS1680,2022/03/18,2,53.3,54,pup3123
PAR4091170225,CUS1681,2022/03/14,5,,60,pup3076
PAR4091139093,CUS1682,2022/03/15,2,84.39,104,pup2114
PAR4091163365,CUS1683,2022/03/09,2,42.16,61,pup1586
PAR4091175530,CUS1684,2022/03/09,12,94.94,140,pup681
PAR4091128096,CUS1685,2022/03/28,2,84.39,97,pup3759
PAR4091125320,CUS1686,2022/03/10,3,53.3,79,pup356
PAR4091105804,CUS1687,2022/03/16,4,84.39,126,pup1480
PAR4091171568,CUS1688,2022/03/22,4,84.39,93,pup1455
PAR4091151962,CUS1689,2022/03/28,5,,60,pup494
PAR4091147753,CUS1690,2022/03/23,2,84.39,92,pup1465
PAR4068762515,CUS1691,2022/03/30,2,217.58,238,pup625
PAR4068775654,CUS1692,2022/03/22,2,84.39,119,pup762
PAR4091118122,CUS1693,2022/03/09,1,217.58,246,pup517
PAR4091189031,CUS1694,2022/03/16,,,60,pup953
PAR4091188964,CUS1695,2022/03/24,2,217.58,282,pup768
PAR4091185494,CUS1696,2022/03/18,5,217.58,253,pup2087
PAR4091166220,CUS1697,2022/03/22,3,217.58,304,pup873
PAR4091185000,CUS1698,2022/03/09,2,42.16,57,pup603
PAR4091140374,CUS1699,2022/03/10,2,84.39,117,pup2727
PAR4091159981,CUS1700,2022/03/19,4,73.83,103,pup909
PAR4091127336,CUS1701,2022/03/15,2,84.39,101,pup3267
PAR4068724033,CUS1702,2022/03/26,2,84.39,108,pup806
PAR4091112686,CUS1703,2022/03/16,1,73.83,100,pup2763
PAR4091174485,CUS1704,2022/03/10,1,84.39,107,pup433
PAR4068769000,CUS1705,2022/03/18,2,53.3,64,pup2722
PAR4068762606,CUS1706,2022/03/22,4,42.16,62,pup490
PAR4091195817,CUS1707,2022/03/11,2,84.39,100,pup1011
PAR4091131001,CUS1708,2022/03/14,4,73.83,103,pup4243
PAR4091110221,CUS1709,2022/03/22,2,53.3,72,pup2086
PAR4068798330,CUS1710,2022/03/30,3,84.39,117,pup3533
PAR4091192176,CUS1711,2022/03/09,2,73.83,109,pup2801
PAR4068783145,CUS1712,2022/03/30,3,217.58,246,pup1008
PAR4091155818,CUS1712,2022/03/28,3,217.58,282,pup1392
PAR4068789238,CUS1714,2022/03/23,8,73.83,90,pup992
PAR4091187021,CUS1715,2022/03/31,2,,60,pup2782
PAR4068787291,CUS1716,2022/03/28,4,84.39,94,pup4466
PAR4091146094,CUS1716,2022/03/24,4,84.39,90,pup1389
PAR4068787425,CUS1718,2022/03/26,3,217.58,279,pup864
PAR4091128594,CUS1719,2022/03/09,4,217.58,267,pup3653
PAR4068707207,CUS1720,2022/03/18,1,84.39,96,pup739
PAR4068733980,CUS1720,2022/03/28,2,84.39,90,pup665
PAR4068749641,CUS1720,2022/03/22,2,84.39,95,pup3737
PAR4091123419,CUS1720,2022/03/18,2,84.39,89,pup4427
PAR4091161831,CUS1720,2022/03/22,2,84.39,96,pup2228
PAR4091166549,CUS1720,2022/03/28,2,84.39,104,pup4154
PAR4068724979,CUS1726,2022/03/30,2,53.3,76,pup2030
PAR4091156916,CUS1727,2022/03/22,2,84.39,110,pup3781
PAR4091137825,CUS1728,2022/03/10,1,73.83,88,pup3167
PAR4068717811,CUS1729,2022/03/30,4,217.58,314,pup2786
PAR4068796279,CUS1729,2022/03/14,2,217.58,267,pup875
PAR4091116590,CUS1729,2022/03/18,3,,60,pup2768
PAR4068789500,CUS1732,2022/03/30,1,,60,pup541
PAR4091120776,CUS1732,2022/03/16,3,84.39,91,pup4117
PAR4091155427,CUS1734,2022/03/18,3,84.39,110,pup773
PAR4068793543,CUS1735,2022/03/22,3,217.58,254,pup614
PAR4091134576,CUS1736,2022/03/10,4,73.83,94,pup4280
PAR4068701844,CUS1737,2022/03/24,2,84.39,95,pup3735
PAR4091195099,CUS1738,2022/03/10,1,42.16,57,pup4608
PAR4091171922,CUS1739,2022/03/14,4,73.83,78,pup4252
PAR4091115587,CUS1740,2022/03/09,4,,60,pup4257
PAR4091164322,CUS1741,2022/03/16,3,84.39,87,pup2174
PAR4091132101,CUS1742,2022/03/31,3,73.83,82,pup3271
PAR4091185978,CUS1743,2022/03/29,4,73.83,90,pup4047
PAR4091167473,CUS1744,2022/03/17,2,217.58,220,pup4257
PAR4068790111,CUS1745,2022/03/25,1,53.3,80,pup1038
PAR4068732039,CUS1746,2022/03/28,4,,60,pup3481
PAR4091110974,CUS1747,2022/03/24,2,73.83,103,pup2519
PAR4068790041,CUS1748,2022/03/29,1,53.3,78,pup747
PAR4091129220,CUS1748,2022/03/15,2,53.3,67,pup3193
PAR4068747402,CUS1750,2022/03/31,4,73.83,97,pup2228
PAR4091110767,CUS1751,2022/03/11,4,84.39,96,pup2763
PAR4091139263,CUS1752,2022/03/22,3,73.83,80,pup2103
PAR4068723027,CUS1753,2022/03/22,3,217.58,280,pup577
PAR4091126535,CUS1754,2022/03/19,3,42.16,58,pup610
PAR4068792995,CUS1755,2022/03/16,4,73.83,84,pup903
PAR4091125384,CUS1756,2022/03/09,2,42.16,43,pup3141
PAR4091104307,CUS1757,2022/03/15,3,53.3,70,pup618
PAR4091194384,CUS1758,2022/03/31,1,84.39,105,pup646
PAR4091116944,CUS1759,2022/03/28,2,53.3,76,pup873
PAR4068787573,CUS1760,2022/03/28,7,73.83,101,pup1423
PAR4068703403,CUS1761,2022/03/17,2,,60,pup3683
PAR4068733554,CUS1762,2022/03/30,4,84.39,117,pup88
PAR4068723359,CUS1763,2022/03/30,3,73.83,77,pup1879
PAR4091189796,CUS1764,2022/03/09,1,42.16,47,pup4289
PAR4068794042,CUS1765,2022/03/09,2,42.16,61,pup3092
PAR4068718785,CUS1766,2022/03/29,2,84.39,95,pup681
PAR4091144751,CUS1766,2022/03/22,4,84.39,95,pup110
PAR4091117194,CUS1768,2022/03/09,2,84.39,123,pup4117
PAR4068774266,CUS1769,2022/03/30,3,73.83,103,pup1928
PAR4091124921,CUS1769,2022/03/23,3,73.83,98,pup2093
PAR4091176902,CUS1771,2022/03/10,3,,60,pup3334
PAR4091138765,CUS1772,2022/03/28,2,53.3,60,pup773
PAR4068734714,CUS1773,2022/03/22,3,73.83,88,pup354
PAR4068709395,CUS1774,2022/03/17,3,53.3,60,pup2253
PAR4091195345,CUS1774,2022/03/28,2,,60,pup3135
PAR4068707509,CUS1776,2022/03/15,2,53.3,67,pup2746
PAR4068708502,CUS1776,2022/03/30,4,84.39,121,pup761
PAR4068714786,CUS1776,2022/03/17,6,42.16,52,pup2285
PAR4068730055,CUS1776,2022/03/17,2,53.3,77,pup4111
PAR4068737340,CUS1776,2022/03/28,3,84.39,89,pup2113
PAR4068742049,CUS1776,2022/03/23,4,84.39,117,pup791
PAR4068744140,CUS1776,2022/03/15,4,84.39,97,pup3098
PAR4068744401,CUS1776,2022/03/31,2,84.39,105,pup628
PAR4068749495,CUS1776,2022/03/31,2,53.3,67,pup3277
PAR4068749516,CUS1776,2022/03/22,4,,60,pup3179
PAR4068753174,CUS1776,2022/03/25,2,,60,pup782
PAR4068757997,CUS1776,2022/03/18,2,53.3,64,pup2999
PAR4068760352,CUS1776,2022/03/28,4,42.16,60,pup614
PAR4068762012,CUS1776,2022/03/17,3,73.83,82,pup722
PAR4068764593,CUS1776,2022/03/09,2,42.16,46,pup923
PAR4068765771,CUS1776,2022/03/09,2,84.39,94,pup2757
PAR4068769393,CUS1776,2022/03/18,3,84.39,116,pup905
PAR4068777670,CUS1776,2022/03/23,2,53.3,78,pup2999
PAR4068778244,CUS1776,2022/03/26,2,73.83,110,pup211
PAR4068786231,CUS1776,2022/03/19,2,73.83,75,pup4257
PAR4068788872,CUS1776,2022/03/30,6,73.83,108,pup2905
PAR4091101069,CUS1776,2022/03/29,2,84.39,125,pup4547
PAR4091103543,CUS1776,2022/03/11,2,217.58,271,pup541
PAR4091109301,CUS1776,2022/03/10,4,84.39,120,pup1611
PAR4091113065,CUS1776,2022/03/29,3,53.3,72,pup2784
PAR4091122216,CUS1776,2022/03/09,1,,60,pup4275
PAR4091123061,CUS1776,2022/03/10,2,53.3,65,pup3129
PAR4091126741,CUS1776,2022/03/16,2,84.39,92,pup734
PAR4091127635,CUS1776,2022/03/22,3,217.58,255,pup3108
PAR4091131113,CUS1776,2022/03/09,3,42.16,50,pup3072
PAR4091131909,CUS1776,2022/03/14,2,53.3,67,pup2008
PAR4091149904,CUS1776,2022/03/09,2,,60,pup1595
PAR4091152930,CUS1776,2022/03/22,4,,60,pup3251
PAR4091155116,CUS1776,2022/03/26,3,73.83,109,pup3660
PAR4091158084,CUS1776,2022/03/15,3,84.39,118,pup2323
PAR4091160426,CUS1776,2022/03/22,2,53.3,61,pup3153
PAR4091161265,CUS1776,2022/03/31,2,73.83,92,pup1001
PAR4091163723,CUS1776,2022/03/16,4,42.16,50,pup3943
PAR4091165582,CUS1776,2022/03/31,3,84.39,90,pup4538
PAR4091166789,CUS1776,2022/03/15,3,73.83,86,pup1943
PAR4091173245,CUS1776,2022/03/10,3,53.3,68,pup1566
PAR4091182444,CUS1776,2022/03/09,3,84.39,122,pup3086
PAR4091187966,CUS1776,2022/03/15,2,53.3,76,pup4105
PAR4091189588,CUS1776,2022/03/11,2,84.39,112,pup2616
PAR4091194178,CUS1776,2022/03/10,6,53.3,64,pup786
PAR4091196356,CUS1776,2022/03/10,3,84.39,85,pup535
PAR4091196821,CUS1776,2022/03/12,4,73.83,108,pup775
PAR4091198323,CUS1776,2022/03/22,3,,,pup1941
PAR4068750445,CUS1824,2022/03/18,3,217.58,297,pup1556
PAR4091152039,CUS1825,2022/03/29,5,84.39,104,pup1424
PAR4068735828,CUS1826,2022/03/30,3,84.39,87,pup603
PAR4091132337,CUS1827,2022/03/14,2,53.3,69,pup1120
PAR4091102471,CUS1828,2022/03/24,2,84.39,115,pup731
PAR4068709152,CUS1829,2022/03/23,3,84.39,118,pup2784
PAR4068750794,CUS1829,2022/03/26,2,84.39,117,pup2459
PAR4068769219,CUS1829,2022/03/22,2,84.39,110,pup1135
PAR4091168313,CUS1829,2022/03/17,4,84.39,126,pup977
PAR4068716686,CUS1833,2022/03/29,2,53.3,64,pup2828
PAR4068725934,CUS1834,2022/03/18,2,53.3,58,pup1396
PAR4091110240,CUS1835,2022/03/14,2,53.3,69,pup1389
PAR4068741832,CUS1836,2022/03/25,2,53.3,77,pup1568
PAR4068798324,CUS1837,2022/03/28,4,,60,pup746
PAR4091101159,CUS1838,2022/03/14,2,42.16,63,pup963
PAR4068715173,CUS1839,2022/03/22,3,84.39,122,pup2792
PAR4091104717,CUS1839,2022/03/12,5,84.39,107,pup2120
PAR4091134485,CUS1841,2022/03/23,2,,60,pup437
PAR4068742512,CUS1842,2022/03/30,1,73.83,105,pup408
PAR4091105123,CUS1843,2022/03/09,3,42.16,52,pup551
PAR4068715448,CUS1844,2022/03/25,2,53.3,58,pup1982
PAR4068792466,CUS1845,2022/03/22,3,42.16,49,pup1134
PAR4068708596,CUS1846,2022/03/29,2,84.39,90,pup3075
PAR4068784858,CUS1847,2022/03/30,2,73.83,84,pup1579
PAR4091178692,CUS1848,2022/03/28,2,73.83,80,pup2072
PAR4091140479,CUS1849,2022/03/28,4,42.16,48,pup635
PAR4068768668,CUS1850,2022/03/30,1,,60,pup651
PAR4068719330,CUS1851,2022/03/23,1,,60,pup731
PAR4068798408,CUS1852,2022/03/26,2,84.39,105,pup429
PAR4091130568,CUS1853,2022/03/10,2,53.3,76,pup2402
PAR4068708043,CUS1854,2022/03/31,2,84.39,89,pup3155
PAR4091107653,CUS1854,2022/03/12,3,84.39,110,pup681
PAR4091174277,CUS1856,2022/03/28,2,84.39,123,pup2086
PAR4068772983,CUS1857,2022/03/18,3,53.3,73,pup578
PAR4068721589,CUS1858,2022/03/10,1,73.83,81,pup2784
PAR4091148330,CUS1859,2022/03/09,8,42.16,48,pup3273
PAR4091123713,CUS1860,2022/03/10,3,84.39,109,pup2118
PAR4068749674,CUS1861,2022/03/30,3,84.39,104,pup3109
PAR4068793163,CUS1862,2022/03/28,2,53.3,62,pup2270
PAR4068725875,CUS1863,2022/03/15,3,84.39,100,pup1602
PAR4091161101,CUS1864,2022/03/31,4,217.58,282,pup953
PAR4068796349,CUS1865,2022/03/23,2,84.39,102,pup1120
PAR4091158604,CUS1866,2022/03/17,3,73.83,89,pup2905
PAR4091163165,CUS1867,2022/03/17,2,84.39,105,pup2226
PAR4091132155,CUS1868,2022/03/23,8,84.39,108,pup2119
PAR4091188338,CUS1869,2022/03/10,4,73.83,75,pup489
PAR4091193415,CUS1870,2022/03/15,3,,60,pup4140
PAR4091167948,CUS1871,2022/03/18,2,84.39,104,pup777
PAR4091134323,CUS1872,2022/03/16,1,73.83,93,pup724
PAR4068771505,CUS1873,2022/03/17,3,84.39,102,pup1949
PAR4068774254,CUS1873,2022/03/15,2,84.39,126,pup4173
PAR4068762288,CUS1875,2022/03/31,3,217.58,305,pup2830
PAR4091186749,CUS1876,2022/03/19,3,73.83,80,pup933
PAR4091191388,CUS1876,2022/03/15,6,73.83,84,pup670
PAR4068740402,CUS1878,2022/03/17,3,84.39,121,pup3046
PAR4091172825,CUS1879,2022/03/28,1,42.16,49,pup1963
PAR4091124892,CUS1880,2022/03/18,5,84.39,86,pup1640
PAR4091189868,CUS1881,2022/03/16,4,84.39,105,pup948
PAR4068743650,CUS1882,2022/03/22,2,84.39,122,pup3878
PAR4091107451,CUS1883,2022/03/31,2,84.39,98,pup613
PAR4091178887,CUS1883,2022/03/14,5,84.39,110,pup3702
PAR4091124537,CUS1885,2022/03/22,1,73.83,97,pup2464
PAR4068794054,CUS1886,2022/03/25,1,42.16,55,pup1742
PAR4068779642,CUS1887,2022/03/26,2,,60,pup786
PAR4091115996,CUS1888,2022/03/10,2,84.39,90,pup1953
PAR4091188055,CUS1889,2022/03/22,3,84.39,122,pup4246
PAR4068767270,CUS1890,2022/03/28,3,73.83,78,pup2528
PAR4091126104,CUS1890,2022/03/22,2,73.83,95,pup3579
PAR4068721116,CUS1892,2022/03/29,4,84.39,93,pup3186
PAR4068798837,CUS1893,2022/03/28,3,84.39,109,pup4433
PAR4091100502,CUS1894,2022/03/22,3,84.39,96,pup2717
PAR4091176506,CUS1895,2022/03/12,5,217.58,237,pup3128
PAR4068791227,CUS1896,2022/03/25,1,84.39,94,pup2524
PAR4091174672,CUS1897,2022/03/18,2,53.3,61,pup1944
PAR4091108036,CUS1898,2022/03/15,3,84.39,101,pup3625
PAR4091111079,CUS1899,2022/03/22,1,,60,pup770
PAR4068778538,CUS1900,2022/03/26,3,84.39,105,pup811
PAR4091141479,CUS1901,2022/03/14,1,84.39,102,pup2736
PAR4091194093,CUS1902,2022/03/22,2,53.3,70,pup3182
PAR4091163086,CUS1903,2022/03/11,2,42.16,60,pup1130
PAR4068720900,CUS1904,2022/03/29,1,84.39,126,pup2781
PAR4068775814,CUS1905,2022/03/22,2,53.3,67,pup3239
PAR4091139433,CUS1906,2022/03/24,2,84.39,87,pup1640
PAR4091194407,CUS1907,2022/03/15,2,53.3,66,pup1025
PAR4091126970,CUS1908,2022/03/28,2,53.3,70,pup4108
PAR4091119774,CUS1909,2022/03/14,2,84.39,96,pup4074
PAR4091142756,CUS1910,2022/03/25,2,84.39,89,pup2391
PAR4091179815,CUS1911,2022/03/10,1,53.3,77,pup1695
PAR4091180085,CUS1912,2022/03/29,4,84.39,105,pup715
PAR4068771626,CUS1913,2022/03/31,4,84.39,85,pup2537
PAR4091112184,CUS1914,2022/03/22,3,84.39,101,pup1353
PAR4068797513,CUS1915,2022/03/09,2,42.16,46,pup766
PAR4091150555,CUS1916,2022/03/10,3,73.83,89,pup1639
PAR4068727071,CUS1917,2022/03/22,3,84.39,87,pup884
PAR4091130705,CUS1917,2022/03/10,2,84.39,88,pup2262
PAR4091164927,CUS1917,2022/03/12,4,84.39,127,pup3902
PAR4091173723,CUS1917,2022/03/22,3,84.39,118,pup1560
PAR4068749274,CUS1921,2022/03/18,2,53.3,79,pup551
PAR4091190384,CUS1922,2022/03/14,2,53.3,54,pup4129
PAR4068710656,CUS1923,2022/03/28,2,84.39,105,pup660
PAR4068756624,CUS1924,2022/03/15,3,73.83,104,pup2615
PAR4091103167,CUS1924,2022/03/12,5,73.83,106,pup606
PAR4091186075,CUS1924,2022/03/16,3,73.83,89,pup2029
PAR4091151019,CUS1927,2022/03/14,1,,60,pup2106
PAR4091178496,CUS1928,2022/03/22,5,,60,pup383
PAR4091142455,CUS1929,2022/03/25,3,84.39,99,pup1157
PAR4091163359,CUS1930,2022/03/08,2,73.83,107,pup3012
PAR4091170250,CUS1931,2022/03/18,2,84.39,117,pup580
PAR4091127174,CUS1932,2022/03/09,2,53.3,57,pup3142
PAR4091159749,CUS1933,2022/03/09,1,84.39,91,pup1349
PAR4068756126,CUS1934,2022/03/31,2,84.39,109,pup2762
PAR4091168063,CUS1935,2022/03/23,4,73.83,77,pup147
PAR4068783764,CUS1936,2022/03/23,4,84.39,102,pup610
PAR4068765791,CUS1937,2022/03/24,3,53.3,65,pup2762
PAR4091137716,CUS1938,2022/03/09,3,42.16,58,pup1944
PAR4091195796,CUS1939,2022/03/10,3,84.39,105,pup2475
PAR4068744017,CUS1940,2022/03/23,2,84.39,85,pup517
PAR4068708086,CUS1941,2022/03/29,2,84.39,88,pup3679
PAR4068764546,CUS1942,2022/03/18,4,84.39,95,pup3186
PAR4068702156,CUS1943,2022/03/16,2,53.3,59,pup714
PAR4091123515,CUS1944,2022/03/14,3,,60,pup4278
PAR4068788004,CUS1945,2022/03/25,1,73.83,97,pup3155
PAR4068711150,CUS1946,2022/03/30,3,73.83,78,pup1695
PAR4068792154,CUS1946,2022/03/30,2,73.83,106,pup1442
PAR4091137003,CUS1948,2022/03/10,4,84.39,125,pup3775
PAR4091111016,CUS1949,2022/03/10,2,53.3,72,pup772
PAR4091136382,CUS1950,2022/03/09,2,42.16,52,pup1094
PAR4091162885,CUS1951,2022/03/19,3,,60,pup612
PAR4091122384,CUS1952,2022/03/09,2,42.16,55,pup2014
PAR4091122384,CUS1952,2022/03/14,2,,60,pup2798
PAR4091138013,CUS1954,2022/03/14,2,84.39,103,pup4243
PAR4091177771,CUS1955,2022/03/09,1,84.39,115,pup2714
PAR4068713596,CUS1956,2022/03/30,2,53.3,80,pup3152
PAR4068780051,CUS1957,2022/03/30,2,53.3,68,pup3902
PAR4091154618,CUS1958,2022/03/28,2,84.39,86,pup548
PAR4068763258,CUS1959,2022/03/15,2,53.3,55,pup2008
PAR4091100707,CUS1960,2022/03/14,2,53.3,78,pup4252
PAR4068728973,CUS1961,2022/03/15,2,,60,pup938
PAR4091141195,CUS1962,2022/03/24,2,53.3,78,pup3165
PAR4068711790,CUS1963,2022/03/16,3,84.39,108,pup2294
PAR4068718871,CUS1964,2022/03/10,1,,60,pup2786
PAR4091135766,CUS1965,2022/03/14,1,42.16,60,pup2445
PAR4091110715,CUS1966,2022/03/29,1,84.39,123,pup516
PAR4068792715,CUS1967,2022/03/30,2,53.3,73,pup1949
PAR4068758978,CUS1968,2022/03/30,2,84.39,115,pup1942
PAR4068703061,CUS1969,2022/03/22,3,84.39,106,pup2105
PAR4091190757,CUS1970,2022/03/31,1,53.3,77,pup3114
PAR4091165733,CUS1971,2022/03/10,2,84.39,90,pup2878
PAR4091123671,CUS1972,2022/03/16,5,84.39,85,pup513
PAR4091167851,CUS1973,2022/03/09,1,,60,pup169
PAR4091109711,CUS1974,2022/03/11,2,,60,pup1763
PAR4068706106,CUS1975,2022/03/24,1,84.39,101,pup1946
PAR4091111863,CUS1976,2022/03/11,3,217.58,249,pup1934
PAR4091177837,CUS1977,2022/03/09,2,42.16,56,pup1853
PAR4091148466,CUS1978,2022/03/09,1,217.58,233,pup1984
PAR4091102250,CUS1979,2022/03/17,2,53.3,57,pup3069
PAR4091142882,CUS1980,2022/03/16,2,53.3,57,pup2305
PAR4068748728,CUS1981,2022/03/31,2,84.39,126,pup706
PAR4068763605,CUS1982,2022/03/25,3,217.58,315,pup3948
PAR4068712849,CUS1983,2022/03/26,2,42.16,62,pup795
PAR4091178574,CUS1984,2022/03/29,3,53.3,71,pup3117
PAR4091164940,CUS1985,2022/03/10,2,217.58,285,pup3075
PAR4091134327,CUS1986,2022/03/16,3,53.3,76,pup790
PAR4091171392,CUS1987,2022/03/14,3,53.3,68,pup4432
PAR4091132142,CUS1988,2022/03/09,2,42.16,61,pup3117
PAR4091194248,CUS1989,2022/03/17,2,53.3,59,pup565
PAR4091111895,CUS1990,2022/03/18,2,84.39,103,pup3179
PAR4091193812,CUS1991,2022/03/10,3,53.3,78,pup4625
PAR4068731662,CUS1992,2022/03/18,2,53.3,79,pup1959
PAR4091117393,CUS1993,2022/03/11,7,,60,pup939
PAR4068779716,CUS1994,2022/03/23,2,84.39,126,pup4117
PAR4091114690,CUS1995,2022/03/30,2,84.39,93,pup754
PAR4091107284,CUS1996,2022/03/22,2,217.58,306,pup883
PAR4091118606,CUS1997,2022/03/11,11,,60,pup3063
PAR4068711010,CUS1998,2022/03/18,4,84.39,89,pup4122
PAR4068721042,CUS1999,2022/03/31,3,73.83,84,pup579
PAR4068764291,CUS2000,2022/03/19,1,42.16,59,pup699
PAR4068729200,CUS2001,2022/03/03,27,81.04,102,pup892
PAR4068764160,CUS2001,2022/03/03,28,127.2,188,pup984
PAR4068770658,CUS2001,2022/03/03,19,90.25,120,pup302
PAR4068794922,CUS2001,2022/03/03,19,90.25,108,pup723
PAR4091153736,CUS2005,2022/03/24,1,,60,pup884
PAR4091103955,CUS2006,2022/03/31,2,84.39,91,pup1949
PAR4091106733,CUS2007,2022/03/22,3,42.16,57,pup4787
PAR4091138478,CUS2008,2022/03/28,2,42.16,53,pup2173
PAR4068783679,CUS2009,2022/03/22,3,84.39,116,pup3567
PAR4091172440,CUS2010,2022/03/11,1,,60,pup789
PAR4068755993,CUS2011,2022/03/31,2,84.39,110,pup4752
PAR4068725047,CUS2012,2022/03/14,11,,60,pup772
PAR4068732555,CUS2013,2022/03/26,4,84.39,108,pup3261
PAR4068772441,CUS2014,2022/03/31,1,73.83,75,pup2069
PAR4091163289,CUS2015,2022/03/15,2,53.3,76,pup2563
PAR4091109632,CUS2016,2022/03/15,2,,60,pup3079
PAR4091184994,CUS2016,2022/03/17,2,53.3,76,pup3127
PAR4091160310,CUS2018,2022/03/17,2,84.39,126,pup2259
PAR4068736945,CUS2019,2022/03/26,4,84.39,89,pup648
PAR4091118984,CUS2019,2022/03/16,8,84.39,95,pup2906
PAR4091125323,CUS2021,2022/03/10,2,84.39,108,pup3129
PAR4068782983,CUS2022,2022/03/19,3,84.39,122,pup4786
PAR4091130304,CUS2023,2022/03/17,2,53.3,58,pup525
PAR4091103534,CUS2024,2022/03/16,2,53.3,74,pup83
PAR4091194757,CUS2025,2022/03/09,2,42.16,55,pup1617
PAR4068790197,CUS2026,2022/03/28,4,217.58,255,pup3770
PAR4091199505,CUS2027,2022/03/10,2,84.39,108,pup1558
PAR4091121086,CUS2028,2022/03/09,2,53.3,78,pup3165
PAR4068771733,CUS2029,2022/03/29,1,84.39,89,pup796
PAR4091146228,CUS2030,2022/03/12,3,84.39,124,pup2795
PAR4091178116,CUS2031,2022/03/10,1,,60,pup519
PAR4091108025,CUS2032,2022/03/09,2,42.16,57,pup2214
PAR4091187180,CUS2033,2022/03/10,5,53.3,57,pup610
PAR4068775890,CUS2034,2022/03/15,2,84.39,91,pup2789
PAR4091186880,CUS2035,2022/03/28,2,53.3,66,pup2783
PAR4091197135,CUS2035,2022/03/25,2,53.3,62,pup3758
PAR4068703041,CUS2037,2022/03/22,2,42.16,60,pup3280
PAR4091121897,CUS2038,2022/03/23,5,42.16,46,pup2564
PAR4091171107,CUS2039,2022/03/16,2,,60,pup2298
PAR4068729966,CUS2040,2022/03/24,1,53.3,64,pup2196
PAR4091184407,CUS2041,2022/03/15,2,,60,pup3233
PAR4068734190,CUS2042,2022/03/24,1,53.3,68,pup2224
PAR4068716202,CUS2043,2022/03/24,4,53.3,73,pup2299
PAR4068758649,CUS2044,2022/03/22,1,53.3,79,pup4046
PAR4091135126,CUS2045,2022/03/28,2,53.3,70,pup939
PAR4091162373,CUS2046,2022/03/25,2,73.83,110,pup3267
PAR4091167540,CUS2047,2022/03/30,4,84.39,111,pup4340
PAR4068710524,CUS2048,2022/03/30,2,53.3,71,pup2209
PAR4068702931,CUS2049,2022/03/29,1,84.39,116,pup2072
PAR4068793585,CUS2050,2022/03/14,1,53.3,54,pup3683
PAR4091177841,CUS2051,2022/03/29,3,84.39,116,pup3531
PAR4091166976,CUS2052,2022/03/11,3,84.39,86,pup973
PAR4091113171,CUS2053,2022/03/29,1,73.83,77,pup1432
PAR4068794640,CUS2054,2022/03/29,1,84.39,86,pup2241
PAR4068752905,CUS2055,2022/03/29,2,53.3,56,pup3048
PAR4091142321,CUS2056,2022/03/15,1,73.83,91,pup4291
PAR4068729554,CUS2057,2022/03/22,4,73.83,89,pup2264
PAR4091128615,CUS2058,2022/03/22,4,84.39,94,pup4132
PAR4068718434,CUS2059,2022/03/28,4,84.39,98,pup3116
PAR4091186548,CUS2059,2022/03/24,4,84.39,112,pup2788
PAR4091165863,CUS2061,2022/03/24,4,73.83,83,pup667
PAR4091172066,CUS2062,2022/03/10,3,73.83,108,pup790
PAR4068766579,CUS2063,2022/03/30,3,217.58,306,pup1962
PAR4091195151,CUS2063,2022/03/16,3,217.58,275,pup345
PAR4091198009,CUS2063,2022/03/23,6,,60,pup3693
PAR4068767282,CUS2066,2022/03/31,2,53.3,69,pup675
PAR4068723777,CUS2067,2022/03/10,2,,60,pup608
PAR4068700886,CUS2068,2022/03/09,2,,60,pup727
PAR4068764038,CUS2069,2022/03/26,5,84.39,100,pup3275
PAR4091124640,CUS2070,2022/03/10,4,84.39,97,pup3141
PAR4091149226,CUS2070,2022/03/11,4,84.39,95,pup3154
PAR4068775583,CUS2072,2022/03/18,3,,,pup3901
PAR4091171721,CUS2073,2022/03/17,4,42.16,47,pup771
PAR4091149387,CUS2074,2022/03/17,2,,60,pup946
PAR4068700857,CUS2075,2022/03/30,2,84.39,116,pup3049
PAR4091185103,CUS2076,2022/03/09,4,73.83,86,pup1353
PAR4091113244,CUS2077,2022/03/09,2,42.16,50,pup1854
PAR4091173799,CUS2078,2022/03/10,2,73.83,100,pup4526
PAR4068771937,CUS2079,2022/03/23,1,84.39,120,pup2349
PAR4091156176,CUS2080,2022/03/16,2,53.3,55,pup662
PAR4091140878,CUS2081,2022/03/25,2,53.3,57,pup1494
PAR4091193133,CUS2082,2022/03/30,2,84.39,99,pup2724
PAR4091147400,CUS2083,2022/03/10,6,53.3,78,pup3967
PAR4091143326,CUS2084,2022/03/22,3,84.39,96,pup3562
PAR4068769662,CUS2085,2022/03/31,2,53.3,76,pup1423
PAR4068700041,CUS2086,2022/03/28,2,53.3,68,pup4109
PAR4068708948,CUS2087,2022/03/16,4,84.39,97,pup1695
PAR4091107139,CUS2088,2022/03/10,3,84.39,117,pup4340
PAR4068741909,CUS2089,2022/03/17,2,84.39,113,pup2782
PAR4091144584,CUS2089,2022/03/09,2,84.39,88,pup3762
PAR4091111806,CUS2091,2022/03/28,4,73.83,110,pup4525
PAR4068738791,CUS2092,2022/03/09,2,53.3,66,pup923
PAR4091100633,CUS2093,2022/03/11,,,60,pup3079
PAR4068771045,CUS2094,2022/03/28,2,217.58,314,pup735
PAR4068714073,CUS2095,2022/03/25,2,217.58,250,pup602
PAR4091151926,CUS2095,2022/03/24,2,217.58,228,pup3096
PAR4091170638,CUS2097,2022/03/18,2,53.3,72,pup746
PAR4091106546,CUS2098,2022/03/09,1,,60,pup987
PAR4068788003,CUS2099,2022/03/18,1,,60,pup677
PAR4091114449,CUS2099,2022/03/16,1,42.16,58,pup4532
PAR4091125162,CUS2101,2022/03/10,2,53.3,78,pup2738
PAR4091147625,CUS2102,2022/03/28,1,84.39,94,pup3759
PAR4068717244,CUS2103,2022/03/23,4,73.83,86,pup2534
PAR4091105789,CUS2104,2022/03/18,3,73.83,82,pup1958
PAR4091191423,CUS2105,2022/03/31,5,73.83,77,pup3161
PAR4091138913,CUS2106,2022/03/09,1,53.3,58,pup4112
PAR4091175277,CUS2107,2022/03/17,1,,60,pup4109
PAR4068742893,CUS2108,2022/03/23,2,53.3,80,pup2773
PAR4091109367,CUS2109,2022/03/25,1,53.3,68,pup2010
PAR4091129847,CUS2110,2022/03/28,3,84.39,105,pup4117
PAR4068703197,CUS2111,2022/03/25,1,53.3,63,pup897
PAR4091119105,CUS2112,2022/03/16,3,84.39,122,pup890
PAR4068714631,CUS2113,2022/03/14,1,,60,pup1942
PAR4091110589,CUS2114,2022/03/09,4,42.16,55,pup1436
PAR4068717512,CUS2115,2022/03/22,4,73.83,85,pup1595
PAR4091155861,CUS2115,2022/03/10,4,73.83,107,pup948
PAR4068759602,CUS2117,2022/03/17,4,217.58,262,pup977
PAR4091199039,CUS2118,2022/03/11,1,53.3,78,pup2209
PAR4091153150,CUS2119,2022/03/16,2,,60,pup2241
PAR4091188459,CUS2120,2022/03/10,5,,60,pup791
PAR4068732776,CUS2121,2022/03/22,1,84.39,88,pup3127
PAR4091101373,CUS2122,2022/03/11,2,84.39,93,pup613
PAR4091132748,CUS2122,2022/03/25,2,84.39,98,pup3772
PAR4091106514,CUS2124,2022/03/16,1,84.39,118,pup3737
PAR4068759105,CUS2125,2022/03/30,1,,60,pup3820
PAR4068744003,CUS2126,2022/03/22,7,,60,pup661
PAR4091153979,CUS2127,2022/03/14,2,53.3,63,pup2309
PAR4091102496,CUS2128,2022/03/11,4,,60,pup571
PAR4068789641,CUS2129,2022/03/18,3,53.3,56,pup2785
PAR4091146700,CUS2130,2022/03/19,4,,60,pup914
PAR4068790065,CUS2131,2022/03/28,3,84.39,95,pup3892
PAR4091142864,CUS2132,2022/03/09,4,84.39,97,pup1130
PAR4091164016,CUS2133,2022/03/11,2,53.3,79,pup985
PAR4068716937,CUS2134,2022/03/22,2,84.39,95,pup668
PAR4068797491,CUS2135,2022/03/18,2,53.3,59,pup526
PAR4068702365,CUS2136,2022/03/30,2,53.3,68,pup2309
PAR4091105020,CUS2137,2022/03/10,5,84.39,118,pup3133
PAR4068781042,CUS2138,2022/03/31,2,84.39,120,pup579
PAR4091144253,CUS2138,2022/03/16,3,,60,pup1558
PAR4091117147,CUS2140,2022/03/10,5,73.83,101,pup3751
PAR4068796235,CUS2141,2022/03/18,4,84.39,117,pup2333
PAR4068749989,CUS2142,2022/03/09,3,42.16,52,pup1943
PAR4068705858,CUS2143,2022/03/18,2,84.39,88,pup4074
PAR4091125890,CUS2144,2022/03/18,2,,60,pup2906
PAR4091101833,CUS2145,2022/03/14,1,84.39,100,pup3657
PAR4091186073,CUS2146,2022/03/28,2,84.39,86,pup4179
PAR4091126771,CUS2147,2022/03/24,2,84.39,107,pup4207
PAR4068774487,CUS2148,2022/03/24,1,84.39,94,pup2351
PAR4068766558,CUS2149,2022/03/15,2,53.3,71,pup3117
PAR4068718017,CUS2150,2022/03/25,2,53.3,75,pup3125
PAR4091112237,CUS2151,2022/03/14,2,53.3,69,pup3774
PAR4068736896,CUS2152,2022/03/29,2,53.3,75,pup2032
PAR4091120945,CUS2153,2022/03/15,4,84.39,101,pup3567
PAR4068745006,CUS2154,2022/03/18,13,,60,pup939
PAR4091125654,CUS2154,2022/03/22,5,,60,pup3267
PAR4091119872,CUS2156,2022/03/10,4,,60,pup476
PAR4091175937,CUS2157,2022/03/16,4,,60,pup873
PAR4091108329,CUS2158,2022/03/10,3,84.39,107,pup4340
PAR4091197052,CUS2159,2022/03/11,2,53.3,63,pup1990
PAR4068719623,CUS2160,2022/03/22,,,,pup1445
PAR4068759217,CUS2161,2022/03/23,2,84.39,97,pup3969
PAR4068729988,CUS2162,2022/03/23,3,84.39,89,pup950
PAR4091144860,CUS2163,2022/03/15,3,84.39,93,pup2475
PAR4091134738,CUS2164,2022/03/15,2,53.3,66,pup3117
PAR4068774475,CUS2165,2022/03/19,3,84.39,116,pup565
PAR4091105533,CUS2166,2022/03/09,1,53.3,62,pup1575
PAR4091178350,CUS2167,2022/03/14,4,53.3,54,pup2077
PAR4091166188,CUS2168,2022/03/11,2,84.39,117,pup496
PAR4091194418,CUS2169,2022/03/10,6,53.3,57,pup2012
PAR4091124550,CUS2170,2022/03/09,5,84.39,117,pup3129
PAR4091182254,CUS2171,2022/03/10,5,84.39,116,pup3625
PAR4091160314,CUS2172,2022/03/09,5,,60,pup2411
PAR4091190530,CUS2173,2022/03/18,2,53.3,55,pup4071
PAR4091158664,CUS2174,2022/03/17,2,84.39,85,pup1458
PAR4091145086,CUS2175,2022/03/14,2,,60,pup3762
PAR4068705144,CUS2176,2022/03/23,2,84.39,115,pup2212
PAR4091123339,CUS2177,2022/03/11,2,,60,pup4653
PAR4091153268,CUS2177,2022/03/19,3,73.83,102,pup3089
PAR4091135218,CUS2179,2022/03/16,3,53.3,64,pup3079
PAR4091110010,CUS2180,2022/03/12,5,84.39,105,pup1955
PAR4068772607,CUS2181,2022/03/24,1,42.16,44,pup3117
PAR4068706097,CUS2182,2022/03/14,4,53.3,55,pup4176
PAR4091119108,CUS2183,2022/03/09,1,53.3,71,pup3762
PAR4068727354,CUS2184,2022/03/17,4,73.83,108,pup746
PAR4068750899,CUS2185,2022/03/18,3,84.39,127,pup3108
PAR4091136655,CUS2186,2022/03/14,4,,60,pup4010
PAR4068734648,CUS2187,2022/03/25,4,73.83,93,pup1558
PAR4068701504,CUS2188,2022/03/17,4,217.58,238,pup4517
PAR4091164111,CUS2189,2022/03/10,2,53.3,58,pup790
PAR4091162530,CUS2190,2022/03/10,1,84.39,125,pup3147
PAR4068766386,CUS2191,2022/03/16,,,60,pup626
PAR4091150370,CUS2192,2022/03/29,3,84.39,125,pup641
PAR4091102176,CUS2193,2022/03/22,4,84.39,86,pup3281
PAR4091112410,CUS2194,2022/03/16,1,217.58,225,pup2220
PAR4068794247,CUS2195,2022/03/28,3,217.58,276,pup1389
PAR4091192607,CUS2196,2022/03/16,3,84.39,106,pup748
PAR4068794640,NA,2022/03/29,0,,60,pup2333
PAR4091128594,NA,2022/03/10,0,,60,pup3254
PAR4091149688,NA,2022/03/11,0,,60,pup4082
PAR4091187033,NA,2022/03/11,0,,60,pup660
PAR4091189588,NA,2022/03/11,,,60,pup3792
